booking_key;date_key;time_key;guest_key;restaurant_key;table_key;party_size;booking_status;duration_minutes;total_bill
1;20250101;7;1;1;1;2;seated;90;45.50
2;20250101;8;2;2;3;3;seated;75;67.20
3;20250102;6;3;1;5;2;confirmed;null;null
4;20250102;9;4;3;7;4;seated;120;120.00
5;20250103;7;5;2;6;4;cancelled;null;null
6;20250103;8;1;1;2;2;no_show;null;null
7;20250104;7;2;3;8;6;seated;110;85.30
8;20250104;8;3;2;4;2;seated;60;34.90
9;20250105;6;4;1;5;4;confirmed;null;null
10;20250105;9;5;2;7;6;seated;130;150.00
11;20250106;7;1;3;1;2;seated;85;42.00
12;20250106;8;2;1;6;4;no_show;null;null
13;20250107;6;3;2;3;2;seated;70;55.80
14;20250107;7;4;2;4;2;confirmed;null;null
15;20250108;8;5;3;8;8;seated;145;210.00
16;20250108;9;1;1;7;6;seated;100;95.50
17;20250109;7;2;1;2;2;cancelled;null;null
18;20250109;8;3;2;5;4;seated;80;72.30
19;20250110;7;4;3;1;2;seated;65;38.60
20;20250110;8;5;1;3;4;seated;90;68.90
